,Unnamed: 0,stationId_x_x,minTempJanuary,minTempFebruary,minTempMarch,minTempApril,minTempMay,minTempJune,minTempJuly,minTempAugust,minTempSeptember,minTempOctober,minTempNovember,minTempDecember,index_right,stationId_y_x,maxTempJanuary,maxTempFebruary,maxTempMarch,maxTempApril,maxTempMay,maxTempJune,maxTempJuly,maxTempAugust,maxTempSeptember,maxTempOctober,maxTempNovember,maxTempDecember,stationId_x_y,rainJanuary,rainFebruary,rainMarch,rainApril,rainMay,rainJune,rainJuly,rainAugust,rainSeptember,rainOctober,rainNovember,rainDecember,stationId_y_y,sunJanuary,sunFebruary,sunMarch,sunApril,sunMay,sunJune,sunJuly,sunAugust,sunSeptember,sunOctober,sunNovember,sunDecember,stationId,windJanuary,windFebruary,windMarch,windApril,windMay,windJune,windJuly,windAugust,windSeptember,windOctober,windNovember,windDecember
0,0,6159.0,-3.9,-5.800000000000001,-3.65,0.8,4.4,10.0,11.8,13.5,10.5,6.1,1.1,-0.4,1258,6159.0,7.8,5.5,8.7,13.6,20.0,22.6,22.0,24.5,19.7,16.8,12.2,8.5,6159.0,64.6,22.2,44.0,,,69.1,57.2,64.5,72.6,72.8,63.4,48.0,,,,,,,,,,,,,,6159.0,8.5,8.45,7.25,8.3,6.6,8.7,6.9,7.7,7.0,10.1,9.6,10.15
1,1,6116.0,-8.75,-6.8,-4.9,-3.2,-0.8,4.6,5.1,5.7,4.3,0.8,-3.9,-4.6,398,6116.0,9.95,7.75,15.85,16.2,24.3,25.0,24.2,25.5,21.4,19.7,13.5,9.3,6116.0,107.1,26.7,51.2,,,,53.7,108.0,180.3,143.3,107.9,83.4,6116.0,54.73333333333333,70.475,106.525,178.20000000000002,213.66666666666663,190.4,179.6,189.2,150.73333333333332,74.3,60.13333333333333,37.56666666666666,6116.0,3.45,4.0,3.95,5.3,3.9,4.1,2.9,2.8,2.7,3.7,2.9,4.1
2,2,6082.0,-8.15,-7.2,-5.9,-3.2,0.3,6.7,5.9,6.8,3.5,1.8,-3.4,-3.5,195,6082.0,9.0,6.65,13.6,14.7,26.6,23.7,24.8,25.7,21.9,17.8,12.6,9.3,6082.0,102.4,21.9,25.9,,,93.9,78.9,130.4,124.8,119.7,97.0,90.3,6082.0,55.45,70.65,97.675,166.86666666666667,212.5,193.9666666666667,174.4,181.5666666666667,152.1,82.43333333333334,70.63333333333334,42.9,6082.0,3.9,4.55,4.35,4.7,3.7,3.8,3.4,3.3,2.8,4.4,3.6,4.35
3,3,6058.0,-2.85,-6.3,-4.55,2.3,5.1,10.4,12.4,11.7,9.7,6.8,-0.2,-0.6,6,6058.0,7.85,6.4,9.5,11.3,21.8,21.6,24.6,22.5,20.1,16.6,13.2,9.7,6058.0,89.2,26.9,24.6,,,47.5,36.2,79.2,85.6,63.5,65.2,86.2,6058.0,54.4,83.2,116.4,190.76666666666665,225.6,211.4,198.3,202.4333333333333,162.5666666666667,85.2,64.13333333333333,44.56666666666666,6058.0,6.25,7.300000000000001,6.4,6.4,5.8,6.4,5.9,6.0,5.4,7.6,6.4,6.699999999999999
4,4,6019.0,-5.65,-7.550000000000001,-6.449999999999999,-0.9,2.2,7.4,8.1,8.8,6.7,3.2,-0.9,-2.4,213,6019.0,8.5,6.6,12.3,13.4,24.2,22.7,22.1,24.0,20.0,16.4,12.1,10.0,6019.0,92.1,14.4,21.0,,,,53.7,103.7,93.4,119.4,102.7,90.2,6019.0,58.93333333333334,75.95,117.125,191.36666666666667,229.1,221.1,194.9,192.8,155.73333333333332,90.23333333333332,63.03333333333333,40.833333333333336,6019.0,5.4,6.1,5.7,6.5,4.9,6.0,5.0,4.8,4.4,6.3,5.4,6.35
5,5,6079.0,-4.0,-6.35,-4.55,0.8,3.5,10.3,12.6,13.0,10.6,7.2,1.7,0.0,1384,6079.0,7.1,5.4,8.3,12.0,18.9,21.0,23.0,23.3,19.1,15.6,11.9,9.3,6079.0,68.9,18.4,38.9,,,82.4,73.7,46.2,92.5,68.9,23.7,53.6,6079.0,50.0,80.77499999999999,126.55,230.7,264.90000000000003,249.4,244.5666666666667,242.8,187.2,101.43333333333334,65.0,54.86666666666667,6079.0,7.1,7.0,5.949999999999999,7.1,5.3,7.7,6.2,6.9,5.6,9.0,8.4,8.65
6,6,6154.0,-8.8,-8.25,-5.0,-4.1,-0.9,6.8,6.9,6.2,4.4,-0.3,-2.2,-2.8,1465,6154.0,8.4,6.95,12.25,14.8,25.1,25.0,23.3,23.8,19.6,16.0,12.2,9.2,6154.0,74.7,11.2,47.7,,,54.0,77.3,67.2,105.8,89.5,63.8,32.6,,,,,,,,,,,,,,6154.0,4.15,4.6,4.6,4.6,4.5,4.7,3.5,3.8,3.9,4.8,3.9,4.85
7,7,6186.0,-6.6,-6.75,-4.4,-0.8,2.1,8.6,10.1,9.1,6.7,2.0,-1.2,-1.1,1624,6186.0,9.75,7.15,13.95,17.8,26.4,26.1,24.0,24.4,20.5,17.3,13.2,10.6,,,,,,,,,,,,,,,,,,,,,,,,,,,,,,,,,,,,,,,
8,8,6174.0,-8.05,-8.3,-4.95,-3.9,-0.8,6.7,6.2,5.8,3.8,0.9,-1.8,-1.9,1548,6174.0,9.5,7.4,13.1,16.9,24.6,25.3,23.8,24.7,20.2,16.4,13.0,9.9,6174.0,63.7,10.8,60.0,,,,82.7,42.7,73.9,70.3,53.9,30.2,6174.0,46.866666666666674,68.1,104.1,176.93333333333337,251.46666666666667,224.16666666666663,199.7,223.3333333333333,157.86666666666665,70.2,57.06666666666666,41.06666666666667,6174.0,3.7,4.15,4.0,4.0,3.7,3.8,2.9,3.1,3.3,4.2,3.4,4.25
9,9,6123.0,-5.4,-5.800000000000001,-3.65,0.5,2.4,9.4,10.9,11.4,9.1,6.3,-0.1,-0.5,830,6123.0,8.5,6.25,12.25,13.9,22.4,24.2,23.6,23.7,19.9,16.5,13.4,9.5,,,,,,,,,,,,,,6123.0,57.75,71.72500000000001,108.2,196.86666666666667,233.8,223.0,203.9,217.36666666666665,177.5,83.36666666666666,65.06666666666666,42.5,6123.0,5.85,6.0,5.05,5.6,5.0,5.8,4.9,5.5,5.3,6.8,6.5,6.95
10,10,6135.0,-7.65,-7.9,-4.65,-3.6,0.7,7.2,6.1,6.4,4.7,1.6,-1.2,-1.7,1330,6135.0,8.85,6.9,11.85,15.3,24.2,25.1,25.0,25.1,19.8,16.9,13.1,9.5,6135.0,80.5,18.6,48.0,,,,74.2,53.2,102.7,86.3,46.9,38.7,6135.0,51.9,69.85000000000001,108.3,191.0333333333333,245.0333333333333,219.6,195.16666666666663,213.3,160.13333333333333,70.93333333333334,56.03333333333333,35.13333333333333,6135.0,4.3,4.8,4.6,5.2,4.4,4.9,3.4,3.9,4.1,5.0,4.5,5.2
11,11,6081.0,-5.9,-6.9,-4.65,-1.4,3.4,9.3,8.5,9.2,4.5,6.4,-1.8,-3.5,0,6081.0,8.05,5.85,9.55,12.8,21.8,21.5,22.5,24.2,19.3,16.4,13.3,9.3,,,,,,,,,,,,,,,,,,,,,,,,,,,6081.0,7.05,7.25,6.15,7.4,5.9,7.2,6.6,7.1,5.9,9.3,8.0,8.100000000000001
12,12,6181.0,-8.25,-8.05,-4.85,-2.3,1.0,8.7,9.4,8.3,6.2,2.0,-1.4,-1.9,1626,6181.0,9.7,6.75,14.65,16.2,26.0,24.7,22.6,23.7,19.7,16.4,12.7,10.1,,,,,,,,,,,,,,,,,,,,,,,,,,,6181.0,3.35,3.35,3.35,4.0,3.2,3.8,2.8,2.8,2.6,3.9,3.1,3.85
13,13,6136.0,-7.5,-7.449999999999999,-4.5,-2.4,2.4,10.0,7.1,7.0,5.2,3.3,-1.9,-1.0,1329,6136.0,8.75,6.9,11.25,14.9,24.1,24.8,24.0,24.6,19.0,16.5,12.8,9.1,6136.0,77.1,15.4,49.6,,,95.6,74.2,53.9,84.7,91.4,35.7,42.9,6136.0,55.3,77.125,113.15,201.0333333333333,250.7333333333333,229.36666666666667,217.76666666666665,229.9,171.9666666666667,80.03333333333335,64.1,40.73333333333333,6136.0,4.25,4.7,4.35,4.4,4.2,4.6,3.3,3.7,4.0,4.9,4.5,5.0
14,14,6096.0,-5.3,-5.8,-3.6,1.2,3.7,9.0,10.1,8.7,7.1,5.5,-1.3,-2.9,140,6096.0,8.95,6.8,14.1,13.4,26.3,23.8,22.5,24.4,20.0,17.7,13.4,8.8,,,,,,,,,,,,,,6096.0,58.6,84.15,121.575,197.8333333333333,228.86666666666667,221.80000000000004,210.13333333333333,215.0333333333333,167.96666666666667,86.46666666666665,68.0,46.333333333333336,6096.0,6.45,6.85,6.85,7.9,6.4,7.2,6.0,6.3,5.5,8.1,6.5,7.1
15,15,6032.0,-8.2,-9.85,-8.35,-2.5,2.1,7.2,6.9,7.6,3.6,0.5,-3.7,-5.2,1101,6032.0,9.1,6.050000000000001,11.2,15.2,24.9,22.4,21.9,24.0,18.7,16.0,13.0,10.2,,,,,,,,,,,,,,,,,,,,,,,,,,,6032.0,4.55,5.6,5.3,5.8,4.4,5.3,4.1,3.9,3.8,5.8,4.5,5.65
16,16,6102.0,-10.0,-9.0,-6.85,-2.4,-0.7,6.0,4.5,4.6,2.8,1.0,-3.0,-4.1,791,6102.0,9.5,7.35,14.2,17.3,25.2,25.8,23.8,25.5,21.0,19.1,13.5,10.8,6102.0,72.4,27.9,28.9,,,75.1,55.7,87.7,82.4,89.1,77.4,55.3,6102.0,52.7,67.44999999999999,93.95,156.1,215.26666666666665,198.4666666666667,178.73333333333335,194.8,156.83333333333334,72.39999999999999,61.6,41.9,6102.0,3.65,4.3,3.9,4.8,3.6,3.3,2.7,2.6,2.4,3.3,2.7,4.2
17,17,6126.0,-7.1,-6.35,-4.6,-2.4,0.0,7.2,6.2,7.1,5.4,2.8,-1.3,-2.0,1117,6126.0,9.5,7.2,13.6,16.1,24.4,26.0,24.4,25.3,20.5,16.8,13.3,9.8,6126.0,85.3,24.0,50.4,,,,79.4,80.6,69.4,89.7,66.6,58.8,6126.0,54.56666666666666,73.2,109.475,190.46666666666667,235.76666666666665,221.4,205.9333333333333,216.16666666666663,167.0,80.10000000000001,66.03333333333333,43.6,6126.0,4.0,4.4,4.25,4.6,4.0,4.3,3.3,3.5,3.2,4.4,3.7,4.75
18,18,6068.0,-11.45,-9.35,-8.399999999999999,-5.4,-2.1,4.2,2.6,4.4,2.9,-0.6,-4.2,-6.8,466,6068.0,9.4,6.95,14.35,15.7,26.5,25.1,24.4,25.1,21.3,17.9,13.0,10.4,6068.0,99.2,30.0,29.6,,,,98.1,116.1,132.7,100.9,73.7,71.5,6068.0,53.9,72.22500000000001,105.375,171.0666666666667,212.9,184.9333333333333,168.36666666666667,186.0333333333333,148.33333333333334,76.56666666666668,61.96666666666666,41.53333333333333,6068.0,3.65,4.35,4.05,4.3,3.9,4.0,3.3,3.2,2.8,4.0,3.2,4.05
19,19,6156.0,-7.45,-9.1,-5.65,-3.1,2.1,6.5,4.9,6.5,4.0,-0.1,-2.1,-1.8,1401,6156.0,9.9,6.949999999999999,14.05,16.0,25.3,24.7,25.2,25.4,20.4,17.1,13.0,9.9,6156.0,60.9,14.3,44.3,,,73.7,100.2,58.8,89.8,64.3,54.3,33.6,6156.0,51.875,82.625,115.925,198.1,257.8,227.43333333333337,215.96666666666667,217.16666666666663,171.80000000000004,82.56666666666666,68.83333333333333,51.43333333333334,6156.0,4.5,4.800000000000001,4.6,5.3,4.4,5.0,3.7,3.9,3.8,5.5,4.4,5.25
20,20,6197.0,-4.95,-7.05,-4.15,-2.1,-0.9,6.5,8.1,8.4,8.3,-0.1,-1.9,-1.7,1670,6197.0,7.050000000000001,6.3500000000000005,11.2,17.1,23.4,22.4,24.8,24.8,18.7,16.1,11.8,8.6,6197.0,72.7,13.8,40.9,,,100.4,66.3,74.0,69.7,111.0,101.3,78.5,6197.0,40.766666666666666,76.325,115.25,213.6,292.13333333333327,275.6,256.7333333333333,238.4666666666667,173.26666666666665,73.96666666666667,44.03333333333333,43.96666666666666,6197.0,5.4,5.45,5.15,5.5,4.4,5.0,4.0,3.9,4.8,6.2,5.4,6.65
21,21,6049.0,-7.0,-8.0,-6.699999999999999,-1.6,0.6,6.7,5.6,6.9,7.0,1.5,-1.8,-4.8,951,6049.0,9.3,6.5,13.35,15.7,26.1,24.2,24.2,24.7,18.6,16.5,12.3,10.2,5140.0,77.8,24.8,31.0,,,125.1,82.9,104.5,74.8,82.9,65.3,70.7,,,,,,,,,,,,,,6049.0,5.0,5.7,5.35,5.7,4.6,5.4,4.2,4.4,3.9,5.4,4.6,5.75
22,22,6073.0,-4.45,-4.85,-4.85,1.5,3.9,9.3,11.0,11.8,8.5,4.9,-1.3,0.1,1162,6073.0,7.699999999999999,5.95,8.2,12.5,22.2,24.0,22.9,22.3,18.9,16.1,12.5,9.7,5160.0,45.9,19.4,35.7,,,,62.0,61.3,161.4,63.1,44.4,36.3,,,,,,,,,,,,,,6073.0,6.05,6.2,5.699999999999999,6.7,4.9,6.2,5.4,5.5,5.5,7.4,6.8,7.0
23,23,6093.0,-6.4,-6.45,-4.05,-2.4,2.0,7.9,9.8,9.1,6.3,5.0,-1.7,-3.7,182,6093.0,8.9,6.95,15.1,12.5,25.9,22.9,22.9,24.2,20.4,17.0,12.6,8.9,,,,,,,,,,,,,,,,,,,,,,,,,,,6093.0,6.2,6.6,6.15,8.2,6.1,7.5,6.3,6.8,5.4,8.0,6.4,7.15
24,24,6168.0,-5.9,-6.65,-4.65,-0.2,2.9,9.8,9.9,10.6,8.3,3.2,-1.2,-1.5,1602,6168.0,9.15,6.4,13.2,14.1,25.0,23.5,22.8,23.6,18.6,15.9,11.7,8.6,,,,,,,,,,,,,,,,,,,,,,,,,,,6168.0,4.05,4.85,4.4,4.8,3.8,4.5,3.4,3.2,3.2,5.1,4.0,4.6
25,25,6141.0,-8.100000000000001,-6.65,-6.8500000000000005,-2.7,0.3,6.2,6.8,6.9,5.1,4.0,-0.7,-1.7,1325,6141.0,9.05,7.7,14.05,15.8,24.7,25.5,25.1,26.6,20.7,16.6,13.1,9.2,6141.0,68.2,18.4,61.6,,,87.3,101.2,59.9,63.6,101.6,52.4,40.5,6141.0,51.29999999999999,70.5,110.75,199.86666666666667,242.46666666666667,229.7333333333333,206.0666666666667,214.63333333333333,165.83333333333334,77.36666666666667,57.5,35.9,6141.0,4.550000000000001,4.8,4.65,4.8,4.5,4.5,3.2,3.4,3.9,4.9,4.3,5.25
26,26,6132.0,-5.050000000000001,-5.9,-4.65,0.6,3.1,8.9,9.1,9.3,7.4,4.4,0.2,-0.7,1197,6132.0,9.15,6.6,10.6,15.0,22.2,24.8,24.1,23.5,18.3,16.6,12.9,9.7,5165.0,56.5,19.2,33.6,,,,56.1,67.0,95.9,70.6,59.3,44.1,6132.0,52.16666666666666,74.94999999999999,118.7,209.80000000000004,270.2333333333333,257.3,242.1,237.7333333333333,190.03333333333333,85.7,62.7,47.16666666666666,,,,,,,,,,,,,
27,27,6147.0,-5.85,-5.449999999999999,-3.65,-0.9,1.2,8.9,5.6,9.6,5.7,4.9,0.8,-0.4,1539,6147.0,8.4,6.550000000000001,9.9,15.8,23.6,25.9,23.4,23.5,18.6,15.2,12.5,9.2,6147.0,64.9,14.0,49.4,,,83.5,97.0,43.6,57.3,76.4,46.0,24.1,,,,,,,,,,,,,,6147.0,6.2,6.5,6.0,6.1,5.2,5.9,4.4,4.8,5.7,6.4,6.1,6.9
28,28,6031.0,-9.05,-8.7,-6.8500000000000005,-4.2,1.7,7.6,6.7,6.8,3.6,-1.6,-4.6,-4.1,867,6031.0,9.0,6.45,13.2,15.3,25.1,23.8,22.9,24.0,19.2,16.4,13.5,11.3,6031.0,77.7,25.3,29.5,,,,84.1,140.2,70.3,153.1,73.3,74.2,6031.0,53.45,80.525,125.25,206.5666666666667,229.9,217.13333333333333,198.9,202.9,160.70000000000002,97.3,73.3,46.2,6031.0,4.1,4.6,4.55,5.8,4.3,5.7,3.1,2.6,2.5,3.8,3.3,4.699999999999999
29,29,6056.0,-8.0,-8.25,-6.9,-1.9,2.2,7.4,6.9,7.4,3.8,2.7,-2.5,-6.0,203,6056.0,8.65,6.85,13.8,14.7,26.8,24.2,23.6,24.6,21.4,17.6,12.6,9.8,,,,,,,,,,,,,,6056.0,59.66666666666666,73.60000000000001,106.15,174.20000000000002,216.96666666666667,190.5,173.03333333333333,181.2,155.56666666666666,85.39999999999999,66.46666666666667,42.2,6056.0,4.6,5.3,5.0,5.3,4.4,4.8,3.8,3.8,3.5,5.4,4.2,5.25
30,30,6065.0,-8.5,-9.2,-7.399999999999999,-3.7,-0.1,7.5,6.3,5.7,3.8,-0.4,-3.1,-4.4,619,6065.0,9.1,6.4,13.6,15.5,26.6,24.6,23.9,24.0,19.1,16.6,12.6,10.0,6065.0,68.5,17.8,20.5,,,,74.4,114.7,71.2,99.7,72.4,59.1,6065.0,57.63333333333333,77.02499999999999,106.125,182.5666666666667,222.96666666666667,213.9,182.2,188.76666666666665,155.13333333333333,83.43333333333334,59.43333333333334,44.333333333333336,6065.0,3.95,4.6,4.75,5.1,3.8,4.6,3.5,3.3,3.0,4.3,3.6,4.45
31,31,6124.0,-6.699999999999999,-5.8,-3.95,-2.5,1.5,8.2,6.9,6.4,6.6,3.3,-1.6,-3.2,1149,6124.0,8.4,7.0,11.3,14.9,24.0,25.7,24.8,25.6,20.3,16.9,12.7,8.4,,,,,,,,,,,,,,,,,,,,,,,,,,,6124.0,4.1,4.5,4.2,4.9,4.2,4.6,3.5,3.6,3.6,4.9,4.1,4.7
32,32,6072.0,-8.45,-7.949999999999999,-6.55,-2.1,1.1,6.9,6.5,7.8,5.1,0.7,-3.4,-3.5,946,6072.0,9.45,6.85,12.6,16.1,24.8,25.1,23.5,24.6,18.0,16.7,12.8,10.7,6072.0,72.3,18.6,32.1,,,107.2,64.8,82.7,90.8,77.0,55.5,49.8,6072.0,53.150000000000006,72.0,103.55,167.43333333333334,226.36666666666665,205.66666666666663,185.46666666666667,202.6,155.79999999999998,81.73333333333333,66.86666666666667,44.96666666666667,6072.0,3.9,4.45,4.05,5.0,4.0,3.9,3.0,3.2,2.8,3.9,3.3,4.449999999999999
33,33,6051.0,-7.399999999999999,-7.5,-6.25,-1.1,3.0,9.6,11.6,10.1,5.6,3.0,-2.6,-4.6,63,6051.0,8.15,6.65,12.35,12.5,22.5,21.2,23.4,23.2,21.8,17.8,12.3,9.5,6051.0,85.7,23.1,28.6,,,88.6,56.6,107.1,97.8,103.6,87.7,95.4,,,,,,,,,,,,,,,,,,,,,,,,,,
34,34,6188.0,-10.3,-9.8,-6.3,-4.3,-1.4,6.2,6.8,6.0,4.2,-0.4,-4.0,-3.4,1615,6188.0,9.75,7.0,15.05,15.7,25.8,24.9,23.5,23.2,19.7,16.1,12.2,9.4,6188.0,57.3,11.7,53.2,,,,66.5,69.8,91.4,79.2,49.4,55.5,6188.0,43.925,68.89999999999999,108.025,180.4333333333333,251.7,210.5333333333333,199.86666666666667,215.3333333333333,172.23333333333335,78.73333333333333,61.93333333333333,44.03333333333333,6188.0,3.35,3.6,3.6,4.1,3.2,3.9,2.7,2.6,2.6,4.0,3.1,4.1
35,35,6149.0,-6.25,-6.45,-4.2,-1.3,1.7,10.6,9.5,8.7,5.8,4.3,0.5,-0.6,1481,6149.0,7.35,5.35,10.9,11.8,25.4,24.8,21.6,23.0,19.6,15.1,12.5,8.2,6149.0,72.5,10.7,55.5,,,,116.9,83.4,65.1,73.3,52.9,32.8,6149.0,55.125,76.8,120.925,215.4333333333333,256.7,247.4333333333333,225.2333333333333,244.30000000000004,184.36666666666665,96.96666666666664,57.9,45.93333333333334,6149.0,6.95,6.6,6.0,7.0,5.7,6.5,5.1,5.7,5.9,7.6,7.4,8.05
36,36,6184.0,-7.85,-7.4,-4.5,-1.8,2.1,8.9,9.4,7.6,6.2,2.1,-2.2,-1.5,1625,6184.0,9.65,7.15,13.8,16.8,25.5,25.5,23.0,23.2,19.1,16.1,13.0,10.5,6184.0,63.1,11.7,57.4,,,96.9,105.9,91.4,138.0,86.7,75.9,55.4,,,,,,,,,,,,,,6184.0,4.3,4.75,3.5,4.2,3.5,4.1,3.0,3.1,2.9,4.3,3.5,4.1
37,37,6074.0,-9.0,-8.15,-8.2,-2.1,-0.5,7.1,5.0,6.2,3.4,-0.9,-4.1,-6.1,941,6074.0,9.55,6.65,13.75,16.1,24.1,25.1,23.6,24.1,18.8,17.2,12.4,10.3,6074.0,75.2,23.1,33.3,,,,70.7,76.7,85.1,71.6,47.1,49.1,,,,,,,,,,,,,,6074.0,3.9,4.800000000000001,4.25,4.1,3.6,4.0,3.1,3.3,3.0,3.9,3.4,4.199999999999999
38,38,,,,,,,,,,,,,,1420,,,,,,,,,,,,,,5505.0,80.9,19.7,56.9,,,89.8,85.3,73.6,100.4,79.7,64.8,52.4,,,,,,,,,,,,,,,,,,,,,,,,,,
39,39,,,,,,,,,,,,,,773,,,,,,,,,,,,,,5009.0,81.1,31.0,41.7,,,88.0,85.4,108.3,51.9,142.7,71.6,76.8,,,,,,,,,,,,,,,,,,,,,,,,,,
40,40,,,,,,,,,,,,,,972,,,,,,,,,,,,,,5005.0,84.6,32.5,28.0,,,122.0,64.2,147.9,56.0,146.6,70.1,81.5,,,,,,,,,,,,,,,,,,,,,,,,,,
41,41,,,,,,,,,,,,,,648,,,,,,,,,,,,,,5225.0,87.8,42.9,40.0,,,115.6,62.8,93.3,93.5,123.8,84.4,68.3,,,,,,,,,,,,,,,,,,,,,,,,,,
42,42,,,,,,,,,,,,,,14,,,,,,,,,,,,,,5296.0,75.4,34.1,30.1,,,,42.6,90.3,127.7,87.8,99.3,90.3,,,,,,,,,,,,,,,,,,,,,,,,,,
43,43,,,,,,,,,,,,,,320,,,,,,,,,,,,,,5343.0,107.4,26.6,36.3,,,97.9,84.8,99.2,161.7,124.7,85.8,83.7,,,,,,,,,,,,,,,,,,,,,,,,,,
44,44,,,,,,,,,,,,,,435,,,,,,,,,,,,,,5109.0,78.0,21.7,30.8,,,,71.2,106.1,94.9,93.3,74.7,61.8,,,,,,,,,,,,,,,,,,,,,,,,,,
45,45,,,,,,,,,,,,,,464,,,,,,,,,,,,,,5276.0,97.4,32.7,27.1,,,,84.5,94.0,137.8,107.7,84.6,74.6,,,,,,,,,,,,,,,,,,,,,,,,,,
46,46,,,,,,,,,,,,,,1339,,,,,,,,,,,,,,5529.0,62.1,21.3,42.5,,,,54.2,80.7,96.6,77.2,55.8,38.9,,,,,,,,,,,,,,,,,,,,,,,,,,
47,47,,,,,,,,,,,,,,1469,,,,,,,,,,,,,,5499.0,73.5,18.3,63.7,,,,87.7,55.2,104.3,78.7,64.7,43.3,,,,,,,,,,,,,,,,,,,,,,,,,,
48,48,,,,,,,,,,,,,,797,,,,,,,,,,,,,,5185.0,87.2,35.2,38.6,,,82.3,77.8,92.5,106.6,103.7,63.4,62.1,,,,,,,,,,,,,,,,,,,,,,,,,,
49,49,,,,,,,,,,,,,,373,,,,,,,,,,,,,,5269.0,115.0,39.1,26.3,,,107.0,100.9,97.2,144.8,134.8,105.2,98.3,,,,,,,,,,,,,,,,,,,,,,,,,,
50,50,,,,,,,,,,,,,,835,,,,,,,,,,,,,,5400.0,70.2,25.1,29.5,,,,58.8,90.0,101.2,90.9,56.1,51.6,,,,,,,,,,,,,,,,,,,,,,,,,,
51,51,,,,,,,,,,,,,,31,,,,,,,,,,,,,,5300.0,76.5,30.7,29.7,,,,37.7,112.8,134.9,105.4,100.9,97.7,,,,,,,,,,,,,,,,,,,,,,,,,,
52,52,,,,,,,,,,,,,,927,,,,,,,,,,,,,,5435.0,66.3,21.8,37.3,,,93.1,78.1,102.0,75.6,87.1,58.6,38.4,,,,,,,,,,,,,,,,,,,,,,,,,,
53,53,,,,,,,,,,,,,,69,,,,,,,,,,,,,,6088.0,90.6,26.5,39.9,,,,66.7,115.2,171.9,124.3,103.4,70.5,,,,,,,,,,,,,,6088.0,3.0,,,,,,,,,,,
54,54,,,,,,,,,,,,,,97,,,,,,,,,,,,,,5095.0,103.4,24.8,34.8,,,53.4,56.6,96.4,89.7,102.3,93.0,94.0,,,,,,,,,,,,,,,,,,,,,,,,,,
55,55,,,,,,,,,,,,,,1607,,,,,,,,,,,,,,5880.0,58.2,14.3,62.7,,,60.1,106.7,46.9,73.3,68.4,56.9,39.1,,,,,,,,,,,,,,,,,,,,,,,,,,
56,56,,,,,,,,,,,,,,447,,,,,,,,,,,,,,5381.0,109.4,35.4,53.8,,,121.1,79.1,98.3,141.1,115.5,98.7,96.7,,,,,,,,,,,,,,,,,,,,,,,,,,
57,57,,,,,,,,,,,,,,45,,,,,,,,,,,,,,5329.0,98.9,25.1,34.4,,,,58.7,76.3,175.6,127.7,103.0,92.4,,,,,,,,,,,,,,,,,,,,,,,,,,
58,58,,,,,,,,,,,,,,419,,,,,,,,,,,,,,5272.0,103.0,39.7,33.8,,,,89.5,99.8,156.2,113.5,94.2,86.6,,,,,,,,,,,,,,,,,,,,,,,,,,
59,59,,,,,,,,,,,,,,1404,,,,,,,,,,,,,,5545.0,62.5,19.2,47.1,,,107.4,77.3,70.0,82.4,74.7,71.3,45.3,,,,,,,,,,,,,,,,,,,,,,,,,,
60,60,,,,,,,,,,,,,,1662,,,,,,,,,,,,,,5994.0,99.9,53.2,74.7,,,,70.8,59.9,120.7,125.6,130.5,84.7,,,,,,,,,,,,,,,,,,,,,,,,,,
61,61,,,,,,,,,,,,,,353,,,,,,,,,,,,,,5089.0,95.6,31.7,40.7,,,88.0,68.8,76.7,112.9,125.2,75.2,88.9,,,,,,,,,,,,,,,,,,,,,,,,,,
62,62,,,,,,,,,,,,,,1219,,,,,,,,,,,,,,5469.0,82.9,29.7,60.8,,,61.7,92.9,78.3,73.0,90.6,60.3,50.9,,,,,,,,,,,,,,,,,,,,,,,,,,
63,63,,,,,,,,,,,,,,176,,,,,,,,,,,,,,5355.0,91.2,24.3,38.3,,,,57.9,111.0,152.7,125.6,100.9,88.3,,,,,,,,,,,,,,,,,,,,,,,,,,
64,64,,,,,,,,,,,,,,1032,,,,,,,,,,,,,,5169.0,54.0,28.0,39.8,,,84.7,51.4,66.3,113.5,72.7,55.2,47.2,,,,,,,,,,,,,,,,,,,,,,,,,,
65,65,,,,,,,,,,,,,,703,,,,,,,,,,,,,,5135.0,86.3,22.6,34.0,,,,94.4,87.6,102.7,82.3,71.3,67.5,,,,,,,,,,,,,,,,,,,,,,,,,,
66,66,,,,,,,,,,,,,,377,,,,,,,,,,,,,,5277.0,109.3,28.2,32.4,,,104.0,79.9,133.0,157.1,117.3,90.1,82.6,,,,,,,,,,,,,,,,,,,,,,,,,,
67,67,,,,,,,,,,,,,,1274,,,,,,,,,,,,,,5031.0,100.5,17.8,46.6,,,,107.3,99.0,86.0,132.4,54.4,89.8,,,,,,,,,,,,,,,,,,,,,,,,,,
68,68,,,,,,,,,,,,,,1636,,,,,,,,,,,,,,5735.0,60.1,10.7,61.2,,,,107.6,105.0,122.2,91.8,71.9,52.6,6187.0,44.675,73.2,111.04999999999998,182.8333333333333,257.8666666666666,221.2333333333333,203.5666666666667,228.6,177.03333333333333,81.19999999999999,63.66666666666666,44.333333333333336,,,,,,,,,,,,,
69,69,,,,,,,,,,,,,,1212,,,,,,,,,,,,,,5455.0,66.4,23.8,55.6,,,,68.8,99.5,75.3,92.6,45.2,47.9,,,,,,,,,,,,,,,,,,,,,,,,,,
70,70,,,,,,,,,,,,,,118,,,,,,,,,,,,,,5305.0,106.4,32.4,35.7,,,,64.7,112.1,138.3,112.1,133.0,102.9,,,,,,,,,,,,,,,,,,,,,,,,,,
71,71,,,,,,,,,,,,,,683,,,,,,,,,,,,,,5395.0,84.8,26.8,37.5,,,78.6,78.6,89.6,121.9,112.2,79.9,69.0,,,,,,,,,,,,,,,,,,,,,,,,,,
72,72,,,,,,,,,,,,,,190,,,,,,,,,,,,,,5320.0,100.1,22.5,29.4,,,,76.3,91.9,174.1,119.2,98.4,91.3,,,,,,,,,,,,,,,,,,,,,,,,,,
73,73,,,,,,,,,,,,,,758,,,,,,,,,,,,,,5075.0,87.3,27.7,37.6,,,,67.3,119.8,112.2,103.8,76.0,71.1,,,,,,,,,,,,,,,,,,,,,,,,,,
74,74,,,,,,,,,,,,,,256,,,,,,,,,,,,,,5105.0,77.0,18.6,24.6,,,,58.0,91.6,92.6,112.3,87.8,82.0,,,,,,,,,,,,,,,,,,,,,,,,,,
75,75,,,,,,,,,,,,,,556,,,,,,,,,,,,,,5202.0,94.2,34.5,24.0,,,,97.5,89.0,106.5,119.5,76.9,73.7,,,,,,,,,,,,,,,,,,,,,,,,,,
76,76,,,,,,,,,,,,,,1519,,,,,,,,,,,,,,5889.0,85.4,11.0,62.0,,,,78.3,64.1,82.9,99.9,70.3,41.2,,,,,,,,,,,,,,,,,,,,,,,,,,
77,77,,,,,,,,,,,,,,558,,,,,,,,,,,,,,5199.0,102.6,47.6,37.0,,,112.8,94.1,114.4,144.4,132.4,102.2,93.3,,,,,,,,,,,,,,,,,,,,,,,,,,
78,78,,,,,,,,,,,,,,529,,,,,,,,,,,,,,5085.0,68.9,17.8,36.2,,,111.4,60.6,118.0,50.5,100.6,73.5,65.8,,,,,,,,,,,,,,,,,,,,,,,,,,
79,79,,,,,,,,,,,,,,1208,,,,,,,,,,,,,,5450.0,71.0,20.3,71.5,,,,82.8,91.7,72.8,98.3,52.6,52.0,,,,,,,,,,,,,,,,,,,,,,,,,,
80,80,,,,,,,,,,,,,,1583,,,,,,,,,,,,,,5575.0,53.9,14.1,50.7,,,,63.0,87.3,93.6,100.5,65.5,64.0,,,,,,,,,,,,,,,,,,,,,,,,,,
81,81,,,,,,,,,,,,,,1112,,,,,,,,,,,,,,5440.0,70.3,26.8,50.5,,,72.1,116.2,100.9,83.6,104.7,68.8,64.4,,,,,,,,,,,,,,,,,,,,,,,,,,
82,82,,,,,,,,,,,,,,1001,,,,,,,,,,,,,,5070.0,74.2,22.6,32.0,,,146.5,78.4,93.2,81.5,92.4,62.6,70.4,,,,,,,,,,,,,,,,,,,,,,,,,,
83,83,,,,,,,,,,,,,,536,,,,,,,,,,,,,,5365.0,109.9,34.9,59.0,,,,64.2,94.6,138.4,130.0,101.5,90.6,,,,,,,,,,,,,,,,,,,,,,,,,,
84,84,,,,,,,,,,,,,,681,,,,,,,,,,,,,,5375.0,74.2,24.8,51.0,,,123.9,74.5,76.7,104.2,79.6,65.1,49.1,,,,,,,,,,,,,,,,,,,,,,,,,,
85,85,,,,,,,,,,,,,,1131,,,,,,,,,,,,,,5150.0,78.7,19.2,26.2,,,100.6,88.8,70.6,121.2,77.4,55.7,56.2,,,,,,,,,,,,,,,,,,,,,,,,,,
86,86,,,,,,,,,,,,,,1006,,,,,,,,,,,,,,5042.0,82.2,20.4,35.1,,,,133.0,105.5,76.6,111.7,54.9,59.3,,,,,,,,,,,,,,,,,,,,,,,,,,
87,87,,,,,,,,,,,,,,1437,,,,,,,,,,,,,,5935.0,75.5,11.8,58.5,,,,77.2,66.8,76.1,97.7,60.2,40.5,,,,,,,,,,,,,,,,,,,,,,,,,,
88,88,,,,,,,,,,,,,,744,,,,,,,,,,,,,,5205.0,83.8,39.0,30.3,,,,75.1,85.2,81.8,109.8,63.5,63.8,,,,,,,,,,,,,,,,,,,,,,,,,,
89,89,,,,,,,,,,,,,,1316,,,,,,,,,,,,,,5510.0,65.5,23.7,38.8,,,,62.2,85.4,92.3,81.7,49.8,37.4,,,,,,,,,,,,,,,,,,,,,,,,,,
90,90,,,,,,,,,,,,,,1134,,,,,,,,,,,,,,5035.0,81.5,20.0,28.7,,,107.4,140.9,106.8,69.2,153.3,59.3,85.6,,,,,,,,,,,,,,,,,,,,,,,,,,
91,91,,,,,,,,,,,,,,810,,,,,,,,,,,,,,5065.0,90.8,32.0,40.3,,,,73.3,123.0,69.7,121.1,81.5,75.7,,,,,,,,,,,,,,,,,,,,,,,,,,
92,92,,,,,,,,,,,,,,574,,,,,,,,,,,,,,5081.0,83.8,25.0,32.5,,,,62.1,116.0,64.3,107.9,85.4,80.9,,,,,,,,,,,,,,,,,,,,,,,,,,
93,93,,,,,,,,,,,,,,266,,,,,,,,,,,,,,5350.0,97.3,29.8,42.6,,,108.7,84.1,110.4,170.4,118.2,112.5,101.7,,,,,,,,,,,,,,,,,,,,,,,,,,
94,94,,,,,,,,,,,,,,1080,,,,,,,,,,,,,,5406.0,53.6,18.8,28.8,,,64.3,56.7,69.3,83.4,55.5,42.5,41.4,,,,,,,,,,,,,,,,,,,,,,,,,,
95,95,,,,,,,,,,,,,,165,,,,,,,,,,,,,,5290.0,72.2,23.0,27.2,,,,62.4,107.9,90.7,105.9,90.0,87.2,,,,,,,,,,,,,,,,,,,,,,,,,,
96,96,,,,,,,,,,,,,,1062,,,,,,,,,,,,,,5015.0,90.6,26.2,24.5,,,115.2,89.2,166.0,57.5,146.7,70.9,94.0,,,,,,,,,,,,,,,,,,,,,,,,,,
97,97,,,,,,,,,,,,,,226,,,,,,,,,,,,,,5345.0,111.3,25.0,31.8,,,,93.7,102.4,186.7,125.7,101.8,87.0,,,,,,,,,,,,,,,,,,,,,,,,,,
98,98,,,,,,,,,,,,,,888,,,,,,,,,,,,,,5220.0,55.6,29.9,33.7,,,82.7,51.5,98.9,108.1,74.5,57.4,51.8,,,,,,,,,,,,,,,,,,,,,,,,,,
99,99,,,,,,,,,,,,,,1604,,,,,,,,,,,,,,5986.0,72.2,13.3,64.4,,,84.2,92.3,63.0,93.1,87.7,50.8,40.4,,,,,,,,,,,,,,,,,,,,,,,,,,
100,100,,,,,,,,,,,,,,1376,,,,,,,,,,,,,,5537.0,69.8,18.9,40.7,,,66.8,53.4,87.4,140.3,77.4,63.1,45.9,,,,,,,,,,,,,,,,,,,,,,,,,,
